question,answer,source_url,domain,confidence,tags
What does Yacht insurance mean in yacht insurance?,"Yacht insurance is an insurance policy that provides indemnity
liability coverage
for a sailing vessel",https://www.investopedia.com/terms/y/yacht-insurance.asp,www.investopedia.com,0.7,coverage;requirements;definitions
What does Yacht insurance is an insurance policy that cover?,"Yacht insurance is an insurance policy that provides indemnity
liability coverage
for a sailing vessel",https://www.investopedia.com/terms/y/yacht-insurance.asp,www.investopedia.com,0.7,coverage;requirements;definitions
"What does Key Takeaways
Yacht insurance cover?","Key Takeaways
Yacht insurance provides indemnity liability coverage for a sailing vessel",https://www.investopedia.com/terms/y/yacht-insurance.asp,www.investopedia.com,0.7,coverage;requirements;definitions
What does While there mean in yacht insurance?,"While there is no legal agreed upon length that separates a yacht from a pleasure boat, generally it is considered to be somewhere between 27 and 30 feet",https://www.investopedia.com/terms/y/yacht-insurance.asp,www.investopedia.com,0.7,coverage;requirements;definitions
What does There mean in yacht insurance?,"There is no agreed upon
length for a yacht
, but they are generally considered to be at least 30 feet long",https://www.investopedia.com/terms/y/yacht-insurance.asp,www.investopedia.com,0.7,coverage;requirements;definitions
What is Most yacht coverage?,"Most yacht coverage is broader and more specialized than pleasure boat coverage, because larger vessels travel farther and are exposed to greater risks",https://www.investopedia.com/terms/y/yacht-insurance.asp,www.investopedia.com,0.7,coverage;requirements;definitions
What does Most yacht coverage mean in yacht insurance?,"Most yacht coverage is broader and more specialized than pleasure boat coverage, because larger vessels travel farther and are exposed to greater risks",https://www.investopedia.com/terms/y/yacht-insurance.asp,www.investopedia.com,0.7,coverage;requirements;definitions
What does Monaco mean in yacht insurance?,Monaco is one of the largest centres for superyachts in the world,https://superyachtinsurancebrokers.com/news/,superyachtinsurancebrokers.com,0.7,coverage;requirements;definitions
"What is Comments
This field?","Stay within your budgeting parameters and stay true to your commitment […]
Read More
1
2
3
4
5
Page 1 of 5
Follow W3
Subscribe to Marine Blog
Email
*
Comments
This field is for validation purposes and",https://marineins.com/blog/,marineins.com,0.7,coverage;requirements;definitions
"What does Comments
This field mean in yacht insurance?","Stay within your budgeting parameters and stay true to your commitment […]
Read More
1
2
3
4
5
Page 1 of 5
Follow W3
Subscribe to Marine Blog
Email
*
Comments
This field is for validation purposes and",https://marineins.com/blog/,marineins.com,0.7,coverage;requirements;definitions
What is if your experience?,"And, if your experience is anything like mine, even those of you who have been insured for years are finding real voyaging insurance ever more difficult and expensive to renew, and ever more precariou",https://www.morganscloud.com/2021/06/03/insurance-for-offshore-voyaging/,www.morganscloud.com,0.7,coverage;requirements;definitions
What does if your experience mean in yacht insurance?,"And, if your experience is anything like mine, even those of you who have been insured for years are finding real voyaging insurance ever more difficult and expensive to renew, and ever more precariou",https://www.morganscloud.com/2021/06/03/insurance-for-offshore-voyaging/,www.morganscloud.com,0.7,coverage;requirements;definitions
What is I think there?,I think there is a lot to be said for buying liability alone and putting the amount boat insurance would cost every year into an acct,https://www.morganscloud.com/2021/06/03/insurance-for-offshore-voyaging/,www.morganscloud.com,0.7,coverage;requirements;definitions
What does I think there mean in yacht insurance?,I think there is a lot to be said for buying liability alone and putting the amount boat insurance would cost every year into an acct,https://www.morganscloud.com/2021/06/03/insurance-for-offshore-voyaging/,www.morganscloud.com,0.7,coverage;requirements;definitions
What does it mean in yacht insurance?,"We’ve met some significantly younger cruisers than ourselves in the last year and while it’s heartening to see people with their natural hair colour achieving their cruising dreams, it is the “periphe",https://www.morganscloud.com/2021/06/03/insurance-for-offshore-voyaging/,www.morganscloud.com,0.7,coverage;requirements;definitions
What is an insurance premium?,Our premium (with a $5k deductible) is about 3% or 4% of declared value,https://www.morganscloud.com/2021/06/03/insurance-for-offshore-voyaging/,www.morganscloud.com,0.7,coverage;requirements;definitions
What does s policy mean in yacht insurance?,"It’s my understanding that the premium-as-a-percentage-of-value tends to taper off with more expensive boats, as the liability component of a $300k boat’s policy is not significantly riskier than that",https://www.morganscloud.com/2021/06/03/insurance-for-offshore-voyaging/,www.morganscloud.com,0.7,coverage;requirements;definitions
"What does Navigating Boat Insurance with Insights from Neil Hiller
This article cover?","Learn More
Q&A: Navigating Boat Insurance with Insights from Neil Hiller
This article provides a comprehensive guide to boat insurance, covering essential topics like available coverage options, key f",https://marinebind.com/marine-insights/,marinebind.com,0.7,coverage;requirements;definitions
"What does com
Amy mean in yacht insurance?","More on our editorial rigor
Written by
Juan Castillo
Juan Castillo
+
more
Edited by
Amy Danise
Amy Danise
Expertise
QuinStreet
Insure.com
Amy is a former editor and insurance authority at NerdWallet",https://www.nerdwallet.com/article/insurance/boat-insurance/,www.nerdwallet.com,0.7,coverage;requirements;definitions
"What does Your
home insurance
policy cover?","Your
home insurance
policy covers your boat in some cases, but it doesn’t go far",https://www.nerdwallet.com/article/insurance/boat-insurance/,www.nerdwallet.com,0.7,coverage;requirements;definitions
What does What boat insurance typically cover?,"Here's what else you can expect from a policy:
What boat insurance typically covers
What it doesn’t cover
Damage or destruction from a collision, fire, lightning, theft and vandalism",https://www.nerdwallet.com/article/insurance/boat-insurance/,www.nerdwallet.com,0.7,coverage;requirements;definitions
"What is Marine Construction
What?","Marine Construction
What is the difference between a dock and a floating pier",https://www.boatingworld.com/,www.boatingworld.com,0.7,coverage;requirements;definitions
"What does Marine Construction
What mean in yacht insurance?","Marine Construction
What is the difference between a dock and a floating pier",https://www.boatingworld.com/,www.boatingworld.com,0.7,coverage;requirements;definitions
"What is Boating Terms
What?","Boating Terms
What is the difference between wash and wake",https://www.boatingworld.com/,www.boatingworld.com,0.7,coverage;requirements;definitions
"What does Boating Terms
What mean in yacht insurance?","Boating Terms
What is the difference between wash and wake",https://www.boatingworld.com/,www.boatingworld.com,0.7,coverage;requirements;definitions
What does stateroom model mean in yacht insurance?,"Read More »
Featured
Full Circle
Global Ambitions
Having Fortitude
Dash of Salt: Boat Test Blues
Boats
Absolute Navetta 62
The three-stateroom model is a sophisticated and stylish little ship",https://www.passagemaker.com/,www.passagemaker.com,0.7,coverage;requirements;definitions
What does 3 mean in yacht insurance?,"Prestige 4.3
Power & Motoryacht Sponsored Video
An evolution of Prestige’s wildly popular 460, the 4.3 is packed with fresh design features that should usher a new wave of boaters into the brand",https://www.powerandmotoryacht.com/,www.powerandmotoryacht.com,0.7,coverage;requirements;definitions
What does logo mean in yacht insurance?,"Content presented under the ""BOAT Presents"" logo is an advertising feature and Boat International Limited has been paid to include this content",https://www.boatinternational.com/,www.boatinternational.com,0.7,coverage;requirements;definitions
What does This mean in yacht insurance?,"This is why they operate strict processes to eliminate the risk of failures, and their track record stands as testament to the careful work of the entire team",https://www.seatalk.com/,www.seatalk.com,0.7,coverage;requirements;definitions
"What does Solar
AI mean in yacht insurance?","KASI
Yesterday
08:14
by
KASI
9
286
Marine Electronics
Westerbeake 8k btda will not run
motion30
10-01-2026
17:21
by
Wanderbird
6
220
Electrical: Batteries, Generators & Solar
AI is a lie
barnakiel
09-",https://www.cruisersforum.com/,www.cruisersforum.com,0.7,coverage;requirements;definitions
What does Liveaboard travel mean in yacht insurance?,"Liveaboard travel is just that: unforgettable travel experiences lived on a boat that take you to hidden coasts, wildlife-rich archipelagos, scenic rivers, or perhaps even the underwater world during ",https://www.liveaboard.com/,www.liveaboard.com,0.7,coverage;requirements;definitions
